{"fold": 4, "epoch": 24, "train_loss": 1.2647731884208042, "val_loss": 2.0767475366592407, "_timestamp": 1763483245.3672915, "_runtime": 17.020734548568726, "_step": 24, "test_cindex": 0.8135593220338984, "_wandb": {"runtime": 14}}