{"fold": 4, "epoch": 20, "train_loss": 1.9774011671543121, "val_loss": 2.451436996459961, "_timestamp": 1763483490.1720948, "_runtime": 14.017516851425171, "_step": 20, "test_cindex": 0.8135593220338984, "_wandb": {"runtime": 11}}