{"fold": 3, "epoch": 15, "train_loss": 0.9459454980678856, "val_loss": 1.7042794823646545, "_timestamp": 1763489673.8684072, "_runtime": 12.602587223052979, "_step": 15, "test_cindex": 0.7435897435897436, "_wandb": {"runtime": 9}}