{"fold": 1, "epoch": 27, "train_loss": 1.1153821721673012, "val_loss": 1.7064788341522217, "_timestamp": 1763490418.96104, "_runtime": 18.55283212661743, "_step": 27, "test_cindex": 0.6853932584269663, "_wandb": {"runtime": 16}}