{"fold": 1, "epoch": 23, "train_loss": 0.9759229645133018, "val_loss": 1.6383422017097473, "_timestamp": 1763491015.1122677, "_runtime": 14.829542636871338, "_step": 23, "test_cindex": 0.7078651685393258, "_wandb": {"runtime": 12}}