{"fold": 3, "epoch": 20, "train_loss": 0.615565475760377, "val_loss": 1.8589404225349426, "_timestamp": 1763483221.5686252, "_runtime": 14.554426193237305, "_step": 20, "test_cindex": 0.7307692307692307, "_wandb": {"runtime": 12}}