{"fold": 3, "epoch": 13, "train_loss": 1.3683248712186469, "val_loss": 1.5056266784667969, "_timestamp": 1763490749.006054, "_runtime": 10.156611919403076, "_step": 13, "test_cindex": 0.5641025641025641, "_wandb": {"runtime": 6}}