{"fold": 1, "epoch": 23, "train_loss": 1.0659168170459452, "val_loss": 1.7138492465019226, "_timestamp": 1763483172.7645833, "_runtime": 15.60515832901001, "_step": 23, "test_cindex": 0.7078651685393258, "_wandb": {"runtime": 13}}