{"fold": 4, "epoch": 22, "train_loss": 1.0560883060097694, "val_loss": 2.064161777496338, "_timestamp": 1763491083.1416316, "_runtime": 14.916081666946411, "_step": 22, "test_cindex": 0.7796610169491526, "_wandb": {"runtime": 12}}