{"fold": 0, "epoch": 25, "train_loss": 0.8211357784603024, "val_loss": 1.537015974521637, "_timestamp": 1763490394.3875933, "_runtime": 18.51228618621826, "_step": 25, "test_cindex": 0.6309523809523809, "_wandb": {"runtime": 16}}