{"fold": 1, "epoch": 13, "train_loss": 1.8106151521205902, "val_loss": 1.6626656651496887, "_timestamp": 1763490718.2999496, "_runtime": 10.555683612823486, "_step": 13, "test_cindex": 0.3146067415730337, "_wandb": {"runtime": 7}}