{"fold": 4, "epoch": 21, "train_loss": 1.386894565075636, "val_loss": 1.9782909750938416, "_timestamp": 1763489695.0042136, "_runtime": 15.110227584838867, "_step": 21, "test_cindex": 0.7627118644067796, "_wandb": {"runtime": 12}}