{"fold": 2, "epoch": 37, "train_loss": 0.5199216837063432, "val_loss": 1.7246471643447876, "_timestamp": 1763483202.0926228, "_runtime": 24.137054681777954, "_step": 37, "test_cindex": 0.7662337662337663, "_wandb": {"runtime": 21}}