{"fold": 1, "epoch": 34, "train_loss": 1.3287368416786194, "val_loss": 1.6191377639770508, "_timestamp": 1763483428.9818218, "_runtime": 21.175174713134766, "_step": 34, "test_cindex": 0.6966292134831461, "_wandb": {"runtime": 19}}