{"fold": 0, "epoch": 25, "train_loss": 0.8159455209970474, "val_loss": 1.36607426404953, "_timestamp": 1763490994.6445737, "_runtime": 16.88606071472168, "_step": 25, "test_cindex": 0.6309523809523809, "_wandb": {"runtime": 15}}