{"fold": 0, "epoch": 25, "train_loss": 0.8237836952903308, "val_loss": 1.6149852871894836, "_timestamp": 1763483151.4217193, "_runtime": 19.43568229675293, "_step": 25, "test_cindex": 0.6428571428571429, "_wandb": {"runtime": 17}}