{"fold": 1, "epoch": 20, "train_loss": 1.1652520166389877, "val_loss": 1.608148217201233, "_timestamp": 1763489554.6729395, "_runtime": 15.07280945777893, "_step": 19}