{"fold": 0, "epoch": 34, "train_loss": 1.5016320049762726, "val_loss": 2.1726865768432617, "_timestamp": 1763483401.0398734, "_runtime": 23.182345390319824, "_step": 34, "test_cindex": 0.6428571428571429, "_wandb": {"runtime": 21}}