{"fold": 3, "epoch": 15, "train_loss": 0.9459454980678856, "val_loss": 1.7042794823646545, "_timestamp": 1763490469.6269317, "_runtime": 13.254616737365723, "_step": 15, "test_cindex": 0.7435897435897436, "_wandb": {"runtime": 10}}