{"fold": 2, "epoch": 37, "train_loss": 0.3290339250524994, "val_loss": 1.7866225838661194, "_timestamp": 1763489655.326887, "_runtime": 23.800318002700806, "_step": 37, "test_cindex": 0.7142857142857143, "_wandb": {"runtime": 21}}