{"fold": 2, "epoch": 13, "train_loss": 1.5423642651221598, "val_loss": 1.8825871348381042, "_timestamp": 1763490733.2867858, "_runtime": 9.947844743728638, "_step": 13, "test_cindex": 0.34415584415584416, "_wandb": {"runtime": 6}}