{"fold": 3, "epoch": 19, "train_loss": 2.070596933364868, "val_loss": 2.0574378967285156, "_timestamp": 1763483470.6394794, "_runtime": 13.298970460891724, "_step": 19, "test_cindex": 0.7435897435897436, "_wandb": {"runtime": 10}}