{"fold": 0, "epoch": 13, "train_loss": 1.8340209871530533, "val_loss": 1.8855831027030945, "_timestamp": 1763490703.261214, "_runtime": 10.663105010986328, "_step": 13, "test_cindex": 0.4642857142857143, "_wandb": {"runtime": 8}}