{"fold": 4, "epoch": 21, "train_loss": 1.386894565075636, "val_loss": 1.9782909750938416, "_timestamp": 1763490493.5414877, "_runtime": 17.08098578453064, "_step": 21, "test_cindex": 0.7627118644067796, "_wandb": {"runtime": 13}}