fold,COX_CLIN,COX_CONCAT,COX_MRI,DEEP_CLIN,DEEP_CONCAT,DEEP_MRI,GBSA_CLIN,GBSA_CONCAT,GBSA_MRI,RSF_CLIN,RSF_CONCAT,RSF_MRI,SVM_CLIN,SVM_CONCAT,SVM_MRI
0,0.8095238095238095,0.7857142857142857,0.3333333333333333,0.8452380952380952,0.8571428571428571,0.5,0.7976190476190477,0.8452380952380952,0.44047619047619047,0.14285714285714285,0.13095238095238096,0.44047619047619047,0.8095238095238095,0.8214285714285714,0.39285714285714285
1,0.6966292134831461,0.6797752808988764,0.38202247191011235,0.7191011235955056,0.550561797752809,0.5842696629213483,0.6067415730337079,0.6067415730337079,0.4943820224719101,0.30337078651685395,0.3258426966292135,0.47191011235955055,0.7303370786516854,0.5056179775280899,0.47191011235955055
2,0.935064935064935,0.8571428571428571,0.5064935064935064,0.8961038961038961,0.8441558441558441,0.4805194805194805,0.8831168831168831,0.6623376623376623,0.4805194805194805,0.07792207792207792,0.19480519480519481,0.4155844155844156,0.6883116883116883,0.7792207792207793,0.37662337662337664
3,0.6923076923076923,0.717948717948718,0.14102564102564102,0.6794871794871795,0.6538461538461539,0.5769230769230769,0.6025641025641025,0.6282051282051282,0.41025641025641024,0.3076923076923077,0.358974358974359,0.7435897435897436,0.6923076923076923,0.6666666666666666,0.3333333333333333
4,0.8983050847457628,0.847457627118644,0.6101694915254238,0.8813559322033898,0.8305084745762712,0.4576271186440678,0.711864406779661,0.7288135593220338,0.4576271186440678,0.1016949152542373,0.2542372881355932,0.6779661016949152,0.864406779661017,0.7457627118644068,0.4745762711864407
