{"fold": 3, "epoch": 15, "train_loss": 0.8824156448245049, "val_loss": 1.6805545687675476, "_timestamp": 1763491062.3807237, "_runtime": 11.01597261428833, "_step": 15, "test_cindex": 0.7435897435897436, "_wandb": {"runtime": 8}}