{"fold": 4, "epoch": 13, "train_loss": 1.6193553093835362, "val_loss": 1.860331952571869, "_timestamp": 1763490764.6392384, "_runtime": 9.785101413726807, "_step": 13, "test_cindex": 0.3898305084745763, "_wandb": {"runtime": 6}}