{"fold": 2, "epoch": 27, "train_loss": 1.5629758536815643, "val_loss": 2.748530864715576, "_timestamp": 1763483452.2643552, "_runtime": 17.746334075927734, "_step": 27, "test_cindex": 0.7662337662337663, "_wandb": {"runtime": 15}}