{"fold": 2, "epoch": 36, "train_loss": 0.7612281441688538, "val_loss": 1.7373915314674377, "_timestamp": 1763491043.9564617, "_runtime": 22.365928649902344, "_step": 36, "test_cindex": 0.7402597402597403, "_wandb": {"runtime": 19}}